[
{
  "model": "admin.logentry",
  "pk": 1,
  "fields": {
    "action_time": "2026-01-16T13:03:31.135Z",
    "user": 3,
    "content_type": 8,
    "object_id": "1",
    "object_repr": "Mancare gatita",
    "action_flag": 1,
    "change_message": "[{\"added\": {}}]"
  }
},
{
  "model": "admin.logentry",
  "pk": 2,
  "fields": {
    "action_time": "2026-01-16T13:04:31.644Z",
    "user": 3,
    "content_type": 9,
    "object_id": "1",
    "object_repr": "Varza calita 3 None diana",
    "action_flag": 1,
    "change_message": "[{\"added\": {}}]"
  }
},
{
  "model": "admin.logentry",
  "pk": 3,
  "fields": {
    "action_time": "2026-01-16T13:36:56.680Z",
    "user": 3,
    "content_type": 9,
    "object_id": "1",
    "object_repr": "Varza calita 3 None diana",
    "action_flag": 3,
    "change_message": ""
  }
},
{
  "model": "admin.logentry",
  "pk": 4,
  "fields": {
    "action_time": "2026-01-16T14:08:44.751Z",
    "user": 3,
    "content_type": 9,
    "object_id": "1",
    "object_repr": "Varza calita 3 None diana",
    "action_flag": 1,
    "change_message": "[{\"added\": {}}]"
  }
},
{
  "model": "admin.logentry",
  "pk": 5,
  "fields": {
    "action_time": "2026-01-21T14:29:31.054Z",
    "user": 3,
    "content_type": 8,
    "object_id": "2",
    "object_repr": "Lactate",
    "action_flag": 1,
    "change_message": "[{\"added\": {}}]"
  }
},
{
  "model": "admin.logentry",
  "pk": 6,
  "fields": {
    "action_time": "2026-01-21T14:29:37.164Z",
    "user": 3,
    "content_type": 8,
    "object_id": "3",
    "object_repr": "Patiserie",
    "action_flag": 1,
    "change_message": "[{\"added\": {}}]"
  }
},
{
  "model": "admin.logentry",
  "pk": 7,
  "fields": {
    "action_time": "2026-01-21T14:48:02.357Z",
    "user": 3,
    "content_type": 8,
    "object_id": "4",
    "object_repr": "Produse neperisabile",
    "action_flag": 1,
    "change_message": "[{\"added\": {}}]"
  }
},
{
  "model": "admin.logentry",
  "pk": 8,
  "fields": {
    "action_time": "2026-01-23T07:44:44.856Z",
    "user": 3,
    "content_type": 8,
    "object_id": "1",
    "object_repr": "Mâncare gătită",
    "action_flag": 2,
    "change_message": "[{\"changed\": {\"fields\": [\"Name\"]}}]"
  }
},
{
  "model": "admin.logentry",
  "pk": 9,
  "fields": {
    "action_time": "2026-01-23T07:44:58.308Z",
    "user": 3,
    "content_type": 8,
    "object_id": "2",
    "object_repr": "Produse proaspete",
    "action_flag": 2,
    "change_message": "[{\"changed\": {\"fields\": [\"Name\"]}}]"
  }
},
{
  "model": "admin.logentry",
  "pk": 10,
  "fields": {
    "action_time": "2026-01-23T07:45:06.815Z",
    "user": 3,
    "content_type": 8,
    "object_id": "3",
    "object_repr": "Patiserie & panificație",
    "action_flag": 2,
    "change_message": "[{\"changed\": {\"fields\": [\"Name\"]}}]"
  }
},
{
  "model": "admin.logentry",
  "pk": 11,
  "fields": {
    "action_time": "2026-01-23T07:45:23.265Z",
    "user": 3,
    "content_type": 8,
    "object_id": "4",
    "object_repr": "Produse ambalate",
    "action_flag": 2,
    "change_message": "[{\"changed\": {\"fields\": [\"Name\"]}}]"
  }
},
{
  "model": "admin.logentry",
  "pk": 12,
  "fields": {
    "action_time": "2026-01-23T07:45:38.097Z",
    "user": 3,
    "content_type": 8,
    "object_id": "5",
    "object_repr": "Băuturi",
    "action_flag": 1,
    "change_message": "[{\"added\": {}}]"
  }
},
{
  "model": "admin.logentry",
  "pk": 13,
  "fields": {
    "action_time": "2026-01-23T07:45:49.625Z",
    "user": 3,
    "content_type": 8,
    "object_id": "6",
    "object_repr": "Fructe & Legume",
    "action_flag": 1,
    "change_message": "[{\"added\": {}}]"
  }
},
{
  "model": "admin.logentry",
  "pk": 14,
  "fields": {
    "action_time": "2026-01-23T07:45:57.642Z",
    "user": 3,
    "content_type": 8,
    "object_id": "7",
    "object_repr": "Deserturi",
    "action_flag": 1,
    "change_message": "[{\"added\": {}}]"
  }
},
{
  "model": "admin.logentry",
  "pk": 15,
  "fields": {
    "action_time": "2026-01-23T07:46:08.352Z",
    "user": 3,
    "content_type": 8,
    "object_id": "8",
    "object_repr": "Altele",
    "action_flag": 1,
    "change_message": "[{\"added\": {}}]"
  }
},
{
  "model": "admin.logentry",
  "pk": 16,
  "fields": {
    "action_time": "2026-01-23T09:27:41.170Z",
    "user": 3,
    "content_type": 9,
    "object_id": "2",
    "object_repr": "Cozonac 3 3 diana",
    "action_flag": 1,
    "change_message": "[{\"added\": {}}]"
  }
},
{
  "model": "admin.logentry",
  "pk": 17,
  "fields": {
    "action_time": "2026-01-23T11:03:36.295Z",
    "user": 3,
    "content_type": 9,
    "object_id": "3",
    "object_repr": "Paine 10 None diana",
    "action_flag": 1,
    "change_message": "[{\"added\": {}}]"
  }
},
{
  "model": "admin.logentry",
  "pk": 18,
  "fields": {
    "action_time": "2026-01-23T11:04:08.412Z",
    "user": 3,
    "content_type": 9,
    "object_id": "2",
    "object_repr": "Cozonac 3 3.00 diana",
    "action_flag": 2,
    "change_message": "[{\"changed\": {\"fields\": [\"Expires at\"]}}]"
  }
},
{
  "model": "admin.logentry",
  "pk": 19,
  "fields": {
    "action_time": "2026-01-23T11:04:18.662Z",
    "user": 3,
    "content_type": 9,
    "object_id": "1",
    "object_repr": "Varza calita 3 None diana",
    "action_flag": 2,
    "change_message": "[{\"changed\": {\"fields\": [\"Expires at\"]}}]"
  }
},
{
  "model": "admin.logentry",
  "pk": 20,
  "fields": {
    "action_time": "2026-01-24T20:25:25.960Z",
    "user": 3,
    "content_type": 9,
    "object_id": "3",
    "object_repr": "Paine 10 None diana",
    "action_flag": 2,
    "change_message": "[{\"changed\": {\"fields\": [\"Description\"]}}]"
  }
},
{
  "model": "admin.logentry",
  "pk": 21,
  "fields": {
    "action_time": "2026-01-25T20:34:43.127Z",
    "user": 3,
    "content_type": 9,
    "object_id": "3",
    "object_repr": "Paine 10 None diana",
    "action_flag": 2,
    "change_message": "[{\"changed\": {\"fields\": [\"Location\"]}}]"
  }
},
{
  "model": "admin.logentry",
  "pk": 22,
  "fields": {
    "action_time": "2026-01-31T15:42:10.822Z",
    "user": 3,
    "content_type": 9,
    "object_id": "3",
    "object_repr": "Paine 10 None diana",
    "action_flag": 2,
    "change_message": "[{\"changed\": {\"fields\": [\"Expires at\"]}}]"
  }
},
{
  "model": "admin.logentry",
  "pk": 23,
  "fields": {
    "action_time": "2026-01-31T15:42:18.067Z",
    "user": 3,
    "content_type": 9,
    "object_id": "2",
    "object_repr": "Cozonac 3 3.00 diana",
    "action_flag": 2,
    "change_message": "[{\"changed\": {\"fields\": [\"Expires at\"]}}]"
  }
},
{
  "model": "admin.logentry",
  "pk": 24,
  "fields": {
    "action_time": "2026-01-31T15:42:25.749Z",
    "user": 3,
    "content_type": 9,
    "object_id": "1",
    "object_repr": "Varza calita 3 None diana",
    "action_flag": 2,
    "change_message": "[{\"changed\": {\"fields\": [\"Expires at\"]}}]"
  }
},
{
  "model": "admin.logentry",
  "pk": 25,
  "fields": {
    "action_time": "2026-02-18T14:07:52.470Z",
    "user": 3,
    "content_type": 15,
    "object_id": "1",
    "object_repr": "Wishlist object (1)",
    "action_flag": 3,
    "change_message": ""
  }
},
{
  "model": "admin.logentry",
  "pk": 26,
  "fields": {
    "action_time": "2026-02-22T05:19:58.408Z",
    "user": 3,
    "content_type": 16,
    "object_id": "1",
    "object_repr": "Mancare SRL",
    "action_flag": 2,
    "change_message": "[{\"changed\": {\"fields\": [\"Logo\"]}}]"
  }
},
{
  "model": "admin.logentry",
  "pk": 27,
  "fields": {
    "action_time": "2026-02-22T18:09:02.224Z",
    "user": 3,
    "content_type": 4,
    "object_id": "9",
    "object_repr": "disu2",
    "action_flag": 3,
    "change_message": ""
  }
},
{
  "model": "auth.user",
  "pk": 1,
  "fields": {
    "password": "pbkdf2_sha256$1200000$4DEfb095NBKQWDrDsrfHM7$1tXTHk8OD4d0gyGxufG3S/yFwOjRZdR7AnI0n6erxUg=",
    "last_login": null,
    "is_superuser": false,
    "username": "diana",
    "first_name": "",
    "last_name": "",
    "email": "",
    "is_staff": false,
    "is_active": true,
    "date_joined": "2026-01-14T20:30:48.684Z",
    "groups": [],
    "user_permissions": []
  }
},
{
  "model": "auth.user",
  "pk": 2,
  "fields": {
    "password": "pbkdf2_sha256$1200000$BUaS8TiiAcyqeOIsVcVtLJ$ZfopEQ0hwOVsIFzt5W4hiHvUxbSchWk/bdyFCBctpl4=",
    "last_login": null,
    "is_superuser": false,
    "username": "user_name",
    "first_name": "",
    "last_name": "",
    "email": "",
    "is_staff": false,
    "is_active": true,
    "date_joined": "2026-01-15T19:15:37.627Z",
    "groups": [],
    "user_permissions": []
  }
},
{
  "model": "auth.user",
  "pk": 3,
  "fields": {
    "password": "pbkdf2_sha256$1200000$zwPugpPht5yLzS6w33ib7e$u2wIXnOx8gktylb4Aw9u/jhZwH3N9NO7qFycQelfWac=",
    "last_login": "2026-02-18T14:05:13.526Z",
    "is_superuser": true,
    "username": "didar",
    "first_name": "Maria",
    "last_name": "Ene",
    "email": "di.daraban@gmail.com",
    "is_staff": true,
    "is_active": true,
    "date_joined": "2026-01-16T12:52:25.667Z",
    "groups": [],
    "user_permissions": []
  }
},
{
  "model": "auth.user",
  "pk": 4,
  "fields": {
    "password": "pbkdf2_sha256$1200000$htOqktis9Yp6qNBQHxlVLG$uFENbnqXclS2M2Kx+JKLUqHxwGwn0YF/O60TKkYQlW0=",
    "last_login": null,
    "is_superuser": false,
    "username": "disu",
    "first_name": "Ion",
    "last_name": "Popescu",
    "email": "test3@test.ro",
    "is_staff": false,
    "is_active": true,
    "date_joined": "2026-02-05T14:27:53.045Z",
    "groups": [],
    "user_permissions": []
  }
},
{
  "model": "auth.user",
  "pk": 5,
  "fields": {
    "password": "1234567",
    "last_login": null,
    "is_superuser": false,
    "username": "disu12",
    "first_name": "",
    "last_name": "",
    "email": "",
    "is_staff": false,
    "is_active": true,
    "date_joined": "2026-02-05T14:34:48.228Z",
    "groups": [],
    "user_permissions": []
  }
},
{
  "model": "auth.user",
  "pk": 6,
  "fields": {
    "password": "pbkdf2_sha256$1200000$6X0Tu1H4McB9MnVbu3ZZDU$DGtZ7rp5CTt0mpbpFkga6cnYflNMYFYEpzcB62LL7j0=",
    "last_login": null,
    "is_superuser": false,
    "username": "di",
    "first_name": "",
    "last_name": "",
    "email": "",
    "is_staff": false,
    "is_active": true,
    "date_joined": "2026-02-05T14:40:17.104Z",
    "groups": [],
    "user_permissions": []
  }
},
{
  "model": "auth.user",
  "pk": 7,
  "fields": {
    "password": "pbkdf2_sha256$1200000$SytcQzoDZ7erGuFqY4dn01$fBRW2L0E59SodxXwRCbDaV2MnxGNJ8XaHvmrP/r/Os8=",
    "last_login": null,
    "is_superuser": false,
    "username": "disu_b",
    "first_name": "Thea mea",
    "last_name": "Daraban",
    "email": "test_thea@test.ro",
    "is_staff": false,
    "is_active": true,
    "date_joined": "2026-02-05T17:41:14.336Z",
    "groups": [],
    "user_permissions": []
  }
},
{
  "model": "auth.user",
  "pk": 8,
  "fields": {
    "password": "pbkdf2_sha256$1200000$f9cvCIstQOQL5jSPh0NPJD$0S1mqGfG5saEpVk9dACi8d1/t8sCqCU81JjN1OwN8as=",
    "last_login": null,
    "is_superuser": false,
    "username": "FirstBuyer",
    "first_name": "",
    "last_name": "",
    "email": "",
    "is_staff": false,
    "is_active": true,
    "date_joined": "2026-02-08T06:17:02.806Z",
    "groups": [],
    "user_permissions": []
  }
},
{
  "model": "auth.user",
  "pk": 10,
  "fields": {
    "password": "pbkdf2_sha256$1200000$Ht5J3VUslTlX7cnSiBHvpm$dM/VMS1agECcnIedX9PprPDm3EJ9SEDaRC0/cjqtDpI=",
    "last_login": null,
    "is_superuser": false,
    "username": "disu_test",
    "first_name": "dis",
    "last_name": "sus",
    "email": "test@test.ro",
    "is_staff": false,
    "is_active": true,
    "date_joined": "2026-02-22T19:16:11.551Z",
    "groups": [],
    "user_permissions": []
  }
},
{
  "model": "auth.user",
  "pk": 11,
  "fields": {
    "password": "pbkdf2_sha256$1200000$wYjHmCKC9aBegJXmROSadD$JJhI2NDyrDlGL+3e0f/oe+RzS7MvFZFj4ScrmHEQsw4=",
    "last_login": null,
    "is_superuser": false,
    "username": "food_mania",
    "first_name": "Ion",
    "last_name": "Popescu",
    "email": "info@foodmania.ro",
    "is_staff": false,
    "is_active": true,
    "date_joined": "2026-02-24T08:45:13.719Z",
    "groups": [],
    "user_permissions": []
  }
},
{
  "model": "auth.user",
  "pk": 12,
  "fields": {
    "password": "pbkdf2_sha256$1200000$gWQlk5U9cSm69jJkAJmKUY$bZnuGsaVhuYSBXF6g34lJ216zN0k1UU1H48pqZWrfOQ=",
    "last_login": null,
    "is_superuser": false,
    "username": "dia",
    "first_name": "Dia",
    "last_name": "Dar",
    "email": "disu.lut@gmail.com",
    "is_staff": false,
    "is_active": true,
    "date_joined": "2026-03-02T20:04:28.537Z",
    "groups": [],
    "user_permissions": []
  }
},
{
  "model": "auth.user",
  "pk": 13,
  "fields": {
    "password": "pbkdf2_sha256$1200000$Ad5vNjcQfFwu19H05tJfON$lODgrd7E5wJN6bDoOjiXK48reR0lA63MYzlO46wv3T0=",
    "last_login": null,
    "is_superuser": false,
    "username": "user_nou",
    "first_name": "User",
    "last_name": "Nou",
    "email": "test@test.ro",
    "is_staff": false,
    "is_active": true,
    "date_joined": "2026-03-03T10:11:25.715Z",
    "groups": [],
    "user_permissions": []
  }
},
{
  "model": "auth.user",
  "pk": 14,
  "fields": {
    "password": "pbkdf2_sha256$1200000$EmwmJH6HBwcdytoKdleNa0$esgbEKjkSAMpWO0xGNE0YRwGQcfC0RDQZq3QZ91V31c=",
    "last_login": null,
    "is_superuser": false,
    "username": "diana_daraban",
    "first_name": "Diana",
    "last_name": "Daraban",
    "email": "disu.lut@gmail.com",
    "is_staff": false,
    "is_active": true,
    "date_joined": "2026-04-11T07:32:35.593Z",
    "groups": [],
    "user_permissions": []
  }
},
{
  "model": "auth.user",
  "pk": 15,
  "fields": {
    "password": "pbkdf2_sha256$1200000$bCqoXobso0lyGWK9vbjJxY$FsCc7efQZsHpTkj7QE+c52QwuvUIQlWm+xKyaheDpos=",
    "last_login": null,
    "is_superuser": false,
    "username": "food_store",
    "first_name": "Maria",
    "last_name": "Popescu",
    "email": "disu.lut@gmail.com",
    "is_staff": false,
    "is_active": true,
    "date_joined": "2026-04-26T09:43:21.379Z",
    "groups": [],
    "user_permissions": []
  }
},
{
  "model": "auth.user",
  "pk": 16,
  "fields": {
    "password": "pbkdf2_sha256$1200000$vmEoBiPGoCV6d7ktoJLR8x$b/TJ5zw2yUVmBeFIbvp57vp8blCmM4Mx76ZLbXSAW5c=",
    "last_login": null,
    "is_superuser": false,
    "username": "food_truck",
    "first_name": "Maria",
    "last_name": "Pop",
    "email": "di_lut@yahoo.com",
    "is_staff": false,
    "is_active": true,
    "date_joined": "2026-04-26T10:17:51.563Z",
    "groups": [],
    "user_permissions": []
  }
},
{
  "model": "auth.user",
  "pk": 17,
  "fields": {
    "password": "pbkdf2_sha256$1200000$ITg4utYVzSElPCULLSJKEy$OcgEw8pBgeIzEZmXqvVTCHd4jMLrhVCKq6FbqBk9IYE=",
    "last_login": null,
    "is_superuser": false,
    "username": "customer_1",
    "first_name": "Ionel",
    "last_name": "Marin",
    "email": "matei.daraban.2017@gmail.com",
    "is_staff": false,
    "is_active": true,
    "date_joined": "2026-04-26T15:45:35.201Z",
    "groups": [],
    "user_permissions": []
  }
},
{
  "model": "auth.user",
  "pk": 18,
  "fields": {
    "password": "pbkdf2_sha256$1200000$EK9ndCJ4C0FejPBVzc44Fq$qRxYu7v0RdiARWibNDLc0R9jBbNlSleRIQCMPASDoNw=",
    "last_login": null,
    "is_superuser": false,
    "username": "customer_2",
    "first_name": "Dodo",
    "last_name": "Dudu",
    "email": "test3@test.com",
    "is_staff": false,
    "is_active": true,
    "date_joined": "2026-04-27T08:02:50.142Z",
    "groups": [],
    "user_permissions": []
  }
},
{
  "model": "auth.user",
  "pk": 19,
  "fields": {
    "password": "pbkdf2_sha256$1200000$Ki8juHDWjqkZ3ukkdPC23n$IV0UA1UjfB8FBo0Q9ITexR+0cJfOO8LtuUriPcH76E4=",
    "last_login": null,
    "is_superuser": false,
    "username": "vendor_test",
    "first_name": "Tom",
    "last_name": "Smith",
    "email": "test5@test.com",
    "is_staff": false,
    "is_active": true,
    "date_joined": "2026-04-30T08:57:27.220Z",
    "groups": [],
    "user_permissions": []
  }
},
{
  "model": "sessions.session",
  "pk": "3y2oavibs32wat6l5d2i25ngkd3adsqt",
  "fields": {
    "session_data": ".eJxVjDsOwjAQBe_iGln-xc5S0ucM1nq9wQFkS_lUiLsjSymgfTPz3iLisZd4bLzGJYursOLyuyWkJ9cO8gPrvUlqdV-XJLsiT7rJqWV-3U7376DgVnpt2IIbQfukbDBsIJMa_JwUWB6CIyIXGD1amEmhcW7UA4PRORubQInPF9K-N3M:1vgjJx:oH7rhHJ3i_iUTPgd6s6qsb4hwglVyoovVGP2aCgYU14",
    "expire_date": "2026-01-30T12:52:57.250Z"
  }
},
{
  "model": "sessions.session",
  "pk": "4194pru7v9q7z600lxc56m7yxrxidz11",
  "fields": {
    "session_data": ".eJxVjDsOwjAQBe_iGln-xc5S0ucM1nq9wQFkS_lUiLsjSymgfTPz3iLisZd4bLzGJYursOLyuyWkJ9cO8gPrvUlqdV-XJLsiT7rJqWV-3U7376DgVnpt2IIbQfukbDBsIJMa_JwUWB6CIyIXGD1amEmhcW7UA4PRORubQInPF9K-N3M:1viZ53:uAML-ri10P949tJkmtNUEEjJ8RazxknWh7ICjeFKMs8",
    "expire_date": "2026-02-04T14:21:09.863Z"
  }
},
{
  "model": "sessions.session",
  "pk": "4ltmk0l0hr4ki9ip3mouvg5i35zwp3xs",
  "fields": {
    "session_data": ".eJxVjDsOwjAQBe_iGln-xc5S0ucM1nq9wQFkS_lUiLsjSymgfTPz3iLisZd4bLzGJYursOLyuyWkJ9cO8gPrvUlqdV-XJLsiT7rJqWV-3U7376DgVnpt2IIbQfukbDBsIJMa_JwUWB6CIyIXGD1amEmhcW7UA4PRORubQInPF9K-N3M:1vsiAz:c0Ozos4CzweRSIPOtDfJoQTSmxODmUWBdn4twHwEYd4",
    "expire_date": "2026-03-04T14:05:13.704Z"
  }
},
{
  "model": "sessions.session",
  "pk": "efhw42p17gvk9zqgsumrm9bgakbx8tif",
  "fields": {
    "session_data": ".eJxVjDsOwjAQBe_iGln-xc5S0ucM1nq9wQFkS_lUiLsjSymgfTPz3iLisZd4bLzGJYursOLyuyWkJ9cO8gPrvUlqdV-XJLsiT7rJqWV-3U7376DgVnpt2IIbQfukbDBsIJMa_JwUWB6CIyIXGD1amEmhcW7UA4PRORubQInPF9K-N3M:1vk6o6:r9ohDYSDkeXF-X63mQ1romaRQxrUcXL82KruHSBlmzg",
    "expire_date": "2026-02-08T20:34:02.381Z"
  }
},
{
  "model": "sessions.session",
  "pk": "zo5jzbopiwmt3c22q5lgtx2xje539k30",
  "fields": {
    "session_data": ".eJxVjDsOwjAQBe_iGln-xc5S0ucM1nq9wQFkS_lUiLsjSymgfTPz3iLisZd4bLzGJYursOLyuyWkJ9cO8gPrvUlqdV-XJLsiT7rJqWV-3U7376DgVnpt2IIbQfukbDBsIJMa_JwUWB6CIyIXGD1amEmhcW7UA4PRORubQInPF9K-N3M:1vjBcq:HaUJRMHkUoBzbIVlHwMHQFl14sr14GVNOgBVT90AHCI",
    "expire_date": "2026-02-06T07:30:36.008Z"
  }
},
{
  "model": "api.category",
  "pk": 1,
  "fields": {
    "name": "Mâncare gătită"
  }
},
{
  "model": "api.category",
  "pk": 2,
  "fields": {
    "name": "Produse proaspete"
  }
},
{
  "model": "api.category",
  "pk": 3,
  "fields": {
    "name": "Patiserie & panificație"
  }
},
{
  "model": "api.category",
  "pk": 4,
  "fields": {
    "name": "Produse ambalate"
  }
},
{
  "model": "api.category",
  "pk": 5,
  "fields": {
    "name": "Băuturi"
  }
},
{
  "model": "api.category",
  "pk": 6,
  "fields": {
    "name": "Fructe & Legume"
  }
},
{
  "model": "api.category",
  "pk": 7,
  "fields": {
    "name": "Deserturi"
  }
},
{
  "model": "api.category",
  "pk": 8,
  "fields": {
    "name": "Altele"
  }
},
{
  "model": "api.product",
  "pk": 1,
  "fields": {
    "owner": 1,
    "title": "Varza calita",
    "description": "Varza calita cu costite",
    "category": 1,
    "quantity": 3,
    "unit": "buc",
    "price": "0.00",
    "original_price": null,
    "is_donation": true,
    "expires_at": "2026-05-14T18:00:00Z",
    "is_available": true,
    "created_at": "2026-01-16T14:08:44.747Z",
    "location": "Bucuresti",
    "slug": "varza-calita",
    "image": ""
  }
},
{
  "model": "api.product",
  "pk": 2,
  "fields": {
    "owner": 1,
    "title": "Cozonac",
    "description": "Cozonac proaspat",
    "category": 3,
    "quantity": 2,
    "unit": "porții",
    "price": "3.00",
    "original_price": null,
    "is_donation": false,
    "expires_at": "2026-04-18T18:00:00Z",
    "is_available": true,
    "created_at": "2026-01-23T09:27:41.158Z",
    "location": "Bucuresti",
    "slug": "cozonac",
    "image": ""
  }
},
{
  "model": "api.product",
  "pk": 3,
  "fields": {
    "owner": 1,
    "title": "Paine",
    "description": "Această pâine artizanală este coaptă cu grijă folosind făină integrală și maia naturală, oferind o textură pufoasă la interior și o crustă crocantă la exterior. Este perfectă pentru sandvișuri, toast sau alături de o supă caldă. Aromele bogate și naturale o fac ideală pentru micul dejun sau gustările sănătoase, fără aditivi sau conservanți.",
    "category": 3,
    "quantity": 4,
    "unit": "porții",
    "price": "0.00",
    "original_price": null,
    "is_donation": true,
    "expires_at": "2026-03-14T18:00:00Z",
    "is_available": true,
    "created_at": "2026-01-23T11:03:36.269Z",
    "location": "aleea Veronica nr. 138-140, sector 5, Bucuresti",
    "slug": "paine",
    "image": ""
  }
},
{
  "model": "api.product",
  "pk": 5,
  "fields": {
    "owner": 4,
    "title": "Paine cu maia",
    "description": "Paine delicioasa si proaspata cu maia",
    "category": 3,
    "quantity": 0,
    "unit": "porții",
    "price": "2.00",
    "original_price": null,
    "is_donation": false,
    "expires_at": "2026-05-30T19:15:00Z",
    "is_available": true,
    "created_at": "2026-02-05T20:51:37.779Z",
    "location": "Bucuresti",
    "slug": "paine-cu-maia",
    "image": ""
  }
},
{
  "model": "api.product",
  "pk": 7,
  "fields": {
    "owner": 4,
    "title": "Franzela aburinda",
    "description": "Franzele proaspete",
    "category": 3,
    "quantity": 19,
    "unit": "porții",
    "price": "0.00",
    "original_price": "28.00",
    "is_donation": true,
    "expires_at": "2026-05-08T16:15:00Z",
    "is_available": true,
    "created_at": "2026-02-06T17:57:49.264Z",
    "location": "Bucuresti",
    "slug": "franzela-aburinda",
    "image": "product_images/franzela.jpg"
  }
},
{
  "model": "api.product",
  "pk": 8,
  "fields": {
    "owner": 4,
    "title": "Briose cu capsuni",
    "description": "Briose cu capsuni",
    "category": 7,
    "quantity": 0,
    "unit": "porții",
    "price": "4.00",
    "original_price": null,
    "is_donation": false,
    "expires_at": "2026-05-16T04:19:00Z",
    "is_available": true,
    "created_at": "2026-02-06T18:34:55.711Z",
    "location": "Bucuresti",
    "slug": "briose-cu-capsuni",
    "image": "product_images/briose.jpg"
  }
},
{
  "model": "api.product",
  "pk": 9,
  "fields": {
    "owner": 4,
    "title": "Ciorba cu perisoare",
    "description": "Ciorba cu perisoare",
    "category": 1,
    "quantity": 0,
    "unit": "porții",
    "price": "0.00",
    "original_price": null,
    "is_donation": true,
    "expires_at": "2026-05-09T19:15:00Z",
    "is_available": true,
    "created_at": "2026-02-06T19:16:34.075Z",
    "location": "Bucuresti",
    "slug": "ciorba-cu-perisoare",
    "image": "product_images/ciorba.jpg"
  }
},
{
  "model": "api.product",
  "pk": 10,
  "fields": {
    "owner": 4,
    "title": "Faina integrala",
    "description": "Faina alba integrala de grau",
    "category": 4,
    "quantity": 33,
    "unit": "porții",
    "price": "0.00",
    "original_price": "35.00",
    "is_donation": true,
    "expires_at": "2026-05-09T13:02:00Z",
    "is_available": true,
    "created_at": "2026-02-11T15:09:52.972Z",
    "location": "Bucuresti",
    "slug": "faina",
    "image": "product_images/faina-grau-alba-550-2024.jpg"
  }
},
{
  "model": "api.product",
  "pk": 12,
  "fields": {
    "owner": 11,
    "title": "Surprise Box Mâncare Chinezească",
    "description": "Pachetul poate conține: un fel principal (pui cu ciuperci, pui cu legume, pui iute, vita cu ciuperci, vita in sos de stridii sau vita in sos iute) si o garnitura (noodles cu legume, orez cu curry, orez cu legume, orez picant sau orez simplu), in limita stocului disponibil la ridicare.\r\n\r\nSpecificați la fața locului dacă doriți picant/nepicant. Prețul pachetului include și prețul ambalajului.",
    "category": 1,
    "quantity": 3,
    "unit": "porții",
    "price": "17.50",
    "original_price": null,
    "is_donation": false,
    "expires_at": "2026-05-30T03:57:00Z",
    "is_available": true,
    "created_at": "2026-02-24T16:33:56.636Z",
    "location": "Bucuresti",
    "slug": "surprise-box-mancare-chinezeasca",
    "image": "product_images/mancare_chinezeasca.jpg"
  }
},
{
  "model": "api.product",
  "pk": 13,
  "fields": {
    "owner": 11,
    "title": "Desert ca La Mama",
    "description": "Desertul La Mama anti-risipă este destinat unei singure persoane. Desertul poate fi o porție de clătite cu brânză și stafide (2 clătite), o porție de clătite cu crema de cacao (2 clătite), sau o porție de gogoși (3 buc), în funcție de sortimentele în surplus pe final de program.",
    "category": 7,
    "quantity": 0,
    "unit": "porții",
    "price": "12.00",
    "original_price": null,
    "is_donation": false,
    "expires_at": "2026-04-24T19:04:00Z",
    "is_available": true,
    "created_at": "2026-02-24T16:36:08.035Z",
    "location": "Bucuresti",
    "slug": "desert-ca-la-mama",
    "image": "product_images/papanasi.jpg"
  }
},
{
  "model": "api.product",
  "pk": 14,
  "fields": {
    "owner": 11,
    "title": "Supa/Ciorba zilei",
    "description": "O porție din supa sau ciorba de la meniul zilei de azi",
    "category": 1,
    "quantity": 3,
    "unit": "porții",
    "price": "0.00",
    "original_price": null,
    "is_donation": false,
    "expires_at": "2026-05-09T03:57:00Z",
    "is_available": true,
    "created_at": "2026-02-24T16:40:38.582Z",
    "location": "Bucuresti",
    "slug": "supaciorba-zilei",
    "image": "product_images/ciorba_zilei.jpg"
  }
},
{
  "model": "api.product",
  "pk": 15,
  "fields": {
    "owner": 11,
    "title": "Limonadă 330 ml",
    "description": "Înviorează-te cu o limonadă de 330 ml în acest pachet de la Prăjitură din Natură. Gustul limonadei depinde de ingredientele disponibile la locație.",
    "category": 5,
    "quantity": 9,
    "unit": "porții",
    "price": "8.00",
    "original_price": null,
    "is_donation": false,
    "expires_at": "2026-05-16T03:57:00Z",
    "is_available": true,
    "created_at": "2026-02-24T16:58:00.177Z",
    "location": "Bucuresti",
    "slug": "limonada-330-ml",
    "image": "product_images/limonada.jpg"
  }
},
{
  "model": "api.product",
  "pk": 16,
  "fields": {
    "owner": 11,
    "title": "Surprise Box 2 Plăcinte sărate",
    "description": "În Surprise Box includem 2 plăcinte sărate, în funcție de disponibilitate, din cele aflate pe final de termen de păstrare. Selecția se realizează de către personalul din locație. În acest sens, vi se pot oferi opțiuni din care să alegeți. Plăcintele noastre au, în funcție de sortiment, între 150 gr - 180 gr.",
    "category": 3,
    "quantity": 2,
    "unit": "porții",
    "price": "14.00",
    "original_price": null,
    "is_donation": false,
    "expires_at": "2026-06-06T12:01:00Z",
    "is_available": true,
    "created_at": "2026-04-11T12:04:10.908Z",
    "location": "Bucuresti",
    "slug": "surprise-box-2-placinte-sarate",
    "image": "product_images/placinte.png"
  }
},
{
  "model": "api.product",
  "pk": 17,
  "fields": {
    "owner": 11,
    "title": "Naughty Waffle",
    "description": "Vafa Obraznic sau Obraznica + toppings Ingrediente vafa: faina, apa, unt, ou, praf de copt",
    "category": 3,
    "quantity": 9,
    "unit": "porții",
    "price": "0.00",
    "original_price": null,
    "is_donation": false,
    "expires_at": "2026-05-02T22:01:00Z",
    "is_available": true,
    "created_at": "2026-04-14T19:02:55.724Z",
    "location": "Bucuresti",
    "slug": "naughty-waffle",
    "image": "product_images/gogoasa.png"
  }
},
{
  "model": "api.product",
  "pk": 18,
  "fields": {
    "owner": 11,
    "title": "Surprise Box Sărat",
    "description": "În Surprise Box Sărat poți primi doua sau trei produse din următoarele: Sandwich cu snitel de pui, Focaccia Mozzarella, Focaccia cu Prosciutto Crudo si parmezan, Croissant cu șuncă și brânză, Sandwich cu omletă și bacon, Croissant umplut cu brânză. Selecția produselor se face de personalul de la locație, în funcție de cantitățile disponibile în stoc și sortimentele aflate în regim de vânzare accelerată. Fiecare pachet conține produse în greutate de 250g-400g Conținutul Surprise Box-urilor variază de la zi la zi.",
    "category": 1,
    "quantity": 16,
    "unit": "porții",
    "price": "18.00",
    "original_price": null,
    "is_donation": false,
    "expires_at": "2026-04-23T22:03:00Z",
    "is_available": true,
    "created_at": "2026-04-14T19:04:29.554Z",
    "location": "Bucuresti",
    "slug": "surprise-box-sarat",
    "image": "product_images/italian.jpeg"
  }
},
{
  "model": "api.product",
  "pk": 19,
  "fields": {
    "owner": 4,
    "title": "Pască Grăsuță",
    "description": "O pască Grăsuță®. Greutate: 1,7 kg\r\n\r\n🧈 Valori per 100 gr. Valoare energetică  1246.83 kj / 298 Kcal, Grăsimi 21,9 (din care Acizi grasi saturati: 20.54g) Glucide 23.4g (din care Zaharuri: 7g), Proteine 15.2, Sare 0.10g\r\n\r\n💚 Această ofertă este un sortiment atent selectat din bunătăți delicioase, astfel încât să știi la ce să te aștepți. Răsfață-te și bucură-te de selecția ta!",
    "category": 3,
    "quantity": 1,
    "unit": "porții",
    "price": "157.00",
    "original_price": null,
    "is_donation": false,
    "expires_at": "2026-05-09T04:16:00Z",
    "is_available": true,
    "created_at": "2026-04-16T11:02:34.542Z",
    "location": "Bucuresti",
    "slug": "pasca-grasuta",
    "image": "product_images/pasca.jpg"
  }
},
{
  "model": "api.product",
  "pk": 20,
  "fields": {
    "owner": 4,
    "title": "Croissant cu unt - Hug Bakery",
    "description": "Alegeți cu încredere! Fiecare pachet conține produse exacte sau un sortiment atent selectat de bunătăți delicioase, astfel încât să știi la ce să te aștepți. Răsfață-te și bucură-te de selecția ta!",
    "category": 3,
    "quantity": 0,
    "unit": "porții",
    "price": "5.00",
    "original_price": "15.00",
    "is_donation": false,
    "expires_at": "2026-05-02T14:03:00Z",
    "is_available": true,
    "created_at": "2026-04-16T11:05:15.177Z",
    "location": "Bucuresti",
    "slug": "croissant-cu-unt-hug-bakery",
    "image": "product_images/croissant.png"
  }
},
{
  "model": "api.product",
  "pk": 21,
  "fields": {
    "owner": 4,
    "title": "Mix patiserie dulce/sărat",
    "description": "Selecție din produsele din stocul nostru de ieri. 🥐🥧 Pachetul poate conține: Quiche Lorraine; Millefeuille; Pain chocolat cu migdale; Quiche cu varză acră, ciuperci și nuci; Foitaj cu brânză și spanac; Foitaj cu legume, New York Rolls; Tort noi doi; Verrine; Tartine; Croissant cu jambon; Mucenici, Clafoutis, etc.",
    "category": 3,
    "quantity": 1,
    "unit": "porții",
    "price": "20.00",
    "original_price": null,
    "is_donation": false,
    "expires_at": "2026-05-09T04:19:00Z",
    "is_available": true,
    "created_at": "2026-04-16T11:07:34.153Z",
    "location": "Bucuresti",
    "slug": "mix-patiserie-dulcesarat",
    "image": "product_images/patiserie.png"
  }
},
{
  "model": "api.product",
  "pk": 22,
  "fields": {
    "owner": 19,
    "title": "Surprise Wine Selection ( 3 bottles )",
    "description": "Pick exactly what you need! Each munch contains exact products or a thoughtfully selected assortment of delicious goodies, so you know what to expect. Treat yourself and enjoy your selection!\r\nThis package is available for those 18 years or older.\r\nBy purchasing this package, you agree that you may be asked for proof of identity to verify your age during pick-up.",
    "category": 5,
    "quantity": 2,
    "unit": "porții",
    "price": "99.00",
    "original_price": "250.00",
    "is_donation": false,
    "expires_at": "2026-05-09T12:03:00Z",
    "is_available": true,
    "created_at": "2026-04-30T09:04:32.676Z",
    "location": "Bucuresti",
    "slug": "surprise-wine-selection-3-bottles",
    "image": "product_images/vin.png"
  }
},
{
  "model": "api.product",
  "pk": 23,
  "fields": {
    "owner": 19,
    "title": "Mystery Poke Vegan",
    "description": "Un poke bowl cca. 450-550g din comenzi anulate/ingredientele aflate în surplus\r\n𝗣𝗢𝗞𝗘-𝗨𝗥𝗜𝗟𝗘 𝗡𝗨 𝗣𝗢𝗧 𝗙𝗜 𝗖𝗨𝗦𝗧𝗢𝗠𝗜𝗭𝗔𝗧𝗘 𝗜𝗡 𝗠𝗢𝗠𝗘𝗡𝗧𝗨𝗟 𝗣𝗜𝗖𝗞-𝗨𝗣 𝗨𝗟𝗨𝗜.\r\nOferta din aplicație nu este o promoție la orice poke din meniu.",
    "category": 1,
    "quantity": 5,
    "unit": "porții",
    "price": "22.00",
    "original_price": "48.00",
    "is_donation": false,
    "expires_at": "2026-05-16T12:05:00Z",
    "is_available": true,
    "created_at": "2026-04-30T09:06:56.157Z",
    "location": "Bucuresti",
    "slug": "mystery-poke-vegan",
    "image": "product_images/vegan.jpg"
  }
},
{
  "model": "api.product",
  "pk": 24,
  "fields": {
    "owner": 19,
    "title": "Mix 6 Love You Choux",
    "description": "Pachetul conține o selecție de 6 Love You Choux în diverse combinații.",
    "category": 3,
    "quantity": 7,
    "unit": "porții",
    "price": "25.00",
    "original_price": "80.00",
    "is_donation": false,
    "expires_at": "2026-05-08T12:08:00Z",
    "is_available": true,
    "created_at": "2026-04-30T09:09:12.355Z",
    "location": "Bucuresti",
    "slug": "mix-6-love-you-choux",
    "image": "product_images/choux.png"
  }
},
{
  "model": "api.cart",
  "pk": 1,
  "fields": {
    "user": 7,
    "updated_at": "2026-02-09T17:07:21.204Z"
  }
},
{
  "model": "api.cart",
  "pk": 2,
  "fields": {
    "user": 4,
    "updated_at": "2026-02-11T15:07:48.763Z"
  }
},
{
  "model": "api.cart",
  "pk": 4,
  "fields": {
    "user": 5,
    "updated_at": "2026-02-22T18:51:42.430Z"
  }
},
{
  "model": "api.cart",
  "pk": 5,
  "fields": {
    "user": 10,
    "updated_at": "2026-02-22T19:16:13.381Z"
  }
},
{
  "model": "api.cart",
  "pk": 6,
  "fields": {
    "user": 11,
    "updated_at": "2026-02-24T08:45:15.844Z"
  }
},
{
  "model": "api.cart",
  "pk": 7,
  "fields": {
    "user": 12,
    "updated_at": "2026-03-02T20:04:30.023Z"
  }
},
{
  "model": "api.cart",
  "pk": 8,
  "fields": {
    "user": 13,
    "updated_at": "2026-03-03T10:11:27.250Z"
  }
},
{
  "model": "api.cart",
  "pk": 9,
  "fields": {
    "user": 14,
    "updated_at": "2026-04-11T07:32:38.247Z"
  }
},
{
  "model": "api.cart",
  "pk": 10,
  "fields": {
    "user": 15,
    "updated_at": "2026-04-26T09:43:22.825Z"
  }
},
{
  "model": "api.cart",
  "pk": 11,
  "fields": {
    "user": 16,
    "updated_at": "2026-04-26T10:17:53.030Z"
  }
},
{
  "model": "api.cart",
  "pk": 12,
  "fields": {
    "user": 17,
    "updated_at": "2026-04-26T15:45:36.741Z"
  }
},
{
  "model": "api.cart",
  "pk": 13,
  "fields": {
    "user": 18,
    "updated_at": "2026-04-27T08:02:55.148Z"
  }
},
{
  "model": "api.cart",
  "pk": 14,
  "fields": {
    "user": 3,
    "updated_at": "2026-04-30T08:48:07.235Z"
  }
},
{
  "model": "api.cart",
  "pk": 15,
  "fields": {
    "user": 19,
    "updated_at": "2026-04-30T08:57:31.087Z"
  }
},
{
  "model": "api.cartitems",
  "pk": 56,
  "fields": {
    "cart": 6,
    "product": 18,
    "quantity": 2,
    "price_at_add": "18.00"
  }
},
{
  "model": "api.cartitems",
  "pk": 74,
  "fields": {
    "cart": 12,
    "product": 16,
    "quantity": 1,
    "price_at_add": "14.00"
  }
},
{
  "model": "api.order",
  "pk": 1,
  "fields": {
    "user": 7,
    "created_at": "2026-02-14T05:13:01.847Z",
    "total": "12.00",
    "status": "CONFIRMED",
    "payment_method": "cash",
    "payment_status": "pending"
  }
},
{
  "model": "api.order",
  "pk": 2,
  "fields": {
    "user": 7,
    "created_at": "2026-02-14T05:14:54.824Z",
    "total": "0.00",
    "status": "CANCELLED",
    "payment_method": "cash",
    "payment_status": "pending"
  }
},
{
  "model": "api.order",
  "pk": 3,
  "fields": {
    "user": 7,
    "created_at": "2026-02-14T05:28:45.170Z",
    "total": "0.00",
    "status": "DELIVERED",
    "payment_method": "cash",
    "payment_status": "pending"
  }
},
{
  "model": "api.order",
  "pk": 4,
  "fields": {
    "user": 7,
    "created_at": "2026-02-19T16:05:13.116Z",
    "total": "0.00",
    "status": "CANCELLED",
    "payment_method": "cash",
    "payment_status": "pending"
  }
},
{
  "model": "api.order",
  "pk": 5,
  "fields": {
    "user": 7,
    "created_at": "2026-02-20T05:08:02.381Z",
    "total": "0.00",
    "status": "CONFIRMED",
    "payment_method": "cash",
    "payment_status": "pending"
  }
},
{
  "model": "api.order",
  "pk": 6,
  "fields": {
    "user": 7,
    "created_at": "2026-02-21T06:09:44.670Z",
    "total": "4.00",
    "status": "DELIVERED",
    "payment_method": "cash",
    "payment_status": "pending"
  }
},
{
  "model": "api.order",
  "pk": 7,
  "fields": {
    "user": 4,
    "created_at": "2026-02-23T16:10:56.770Z",
    "total": "0.00",
    "status": "DELIVERED",
    "payment_method": "cash",
    "payment_status": "pending"
  }
},
{
  "model": "api.order",
  "pk": 8,
  "fields": {
    "user": 7,
    "created_at": "2026-02-23T18:43:11.731Z",
    "total": "12.00",
    "status": "DELIVERED",
    "payment_method": "cash",
    "payment_status": "pending"
  }
},
{
  "model": "api.order",
  "pk": 9,
  "fields": {
    "user": 12,
    "created_at": "2026-03-03T06:01:43.398Z",
    "total": "8.00",
    "status": "CONFIRMED",
    "payment_method": "cash",
    "payment_status": "pending"
  }
},
{
  "model": "api.order",
  "pk": 10,
  "fields": {
    "user": 12,
    "created_at": "2026-03-03T06:42:24.649Z",
    "total": "8.00",
    "status": "CONFIRMED",
    "payment_method": "cash",
    "payment_status": "pending"
  }
},
{
  "model": "api.order",
  "pk": 11,
  "fields": {
    "user": 14,
    "created_at": "2026-04-11T07:33:18.171Z",
    "total": "36.00",
    "status": "DELIVERED",
    "payment_method": "cash",
    "payment_status": "pending"
  }
},
{
  "model": "api.order",
  "pk": 12,
  "fields": {
    "user": 14,
    "created_at": "2026-04-11T07:36:31.597Z",
    "total": "24.00",
    "status": "DELIVERED",
    "payment_method": "cash",
    "payment_status": "pending"
  }
},
{
  "model": "api.order",
  "pk": 13,
  "fields": {
    "user": 14,
    "created_at": "2026-04-11T07:55:09.915Z",
    "total": "0.00",
    "status": "DELIVERED",
    "payment_method": "cash",
    "payment_status": "pending"
  }
},
{
  "model": "api.order",
  "pk": 14,
  "fields": {
    "user": 14,
    "created_at": "2026-04-11T08:01:26.960Z",
    "total": "17.50",
    "status": "DELIVERED",
    "payment_method": "cash",
    "payment_status": "pending"
  }
},
{
  "model": "api.order",
  "pk": 15,
  "fields": {
    "user": 14,
    "created_at": "2026-04-11T08:19:00.240Z",
    "total": "17.50",
    "status": "DELIVERED",
    "payment_method": "cash",
    "payment_status": "pending"
  }
},
{
  "model": "api.order",
  "pk": 16,
  "fields": {
    "user": 14,
    "created_at": "2026-04-11T08:26:47.968Z",
    "total": "17.50",
    "status": "DELIVERED",
    "payment_method": "cash",
    "payment_status": "pending"
  }
},
{
  "model": "api.order",
  "pk": 17,
  "fields": {
    "user": 7,
    "created_at": "2026-04-11T10:56:04.683Z",
    "total": "25.50",
    "status": "CONFIRMED",
    "payment_method": "cash",
    "payment_status": "pending"
  }
},
{
  "model": "api.order",
  "pk": 18,
  "fields": {
    "user": 7,
    "created_at": "2026-04-26T11:49:58.625Z",
    "total": "5.00",
    "status": "SHIPPED",
    "payment_method": "cash",
    "payment_status": "pending"
  }
},
{
  "model": "api.order",
  "pk": 19,
  "fields": {
    "user": 7,
    "created_at": "2026-04-26T13:11:49.934Z",
    "total": "5.00",
    "status": "CONFIRMED",
    "payment_method": "cash",
    "payment_status": "pending"
  }
},
{
  "model": "api.order",
  "pk": 20,
  "fields": {
    "user": 7,
    "created_at": "2026-04-26T13:12:48.581Z",
    "total": "0.00",
    "status": "CANCELLED",
    "payment_method": "cash",
    "payment_status": "pending"
  }
},
{
  "model": "api.order",
  "pk": 21,
  "fields": {
    "user": 7,
    "created_at": "2026-04-26T13:56:12.371Z",
    "total": "17.50",
    "status": "SHIPPED",
    "payment_method": "card",
    "payment_status": "paid"
  }
},
{
  "model": "api.order",
  "pk": 22,
  "fields": {
    "user": 4,
    "created_at": "2026-04-26T15:40:21.048Z",
    "total": "3.00",
    "status": "PENDING",
    "payment_method": "cash",
    "payment_status": "pending"
  }
},
{
  "model": "api.order",
  "pk": 23,
  "fields": {
    "user": 17,
    "created_at": "2026-04-26T15:45:48.438Z",
    "total": "5.00",
    "status": "DELIVERED",
    "payment_method": "cash",
    "payment_status": "pending"
  }
},
{
  "model": "api.order",
  "pk": 24,
  "fields": {
    "user": 17,
    "created_at": "2026-04-26T16:13:22.397Z",
    "total": "25.00",
    "status": "DELIVERED",
    "payment_method": "cash",
    "payment_status": "pending"
  }
},
{
  "model": "api.order",
  "pk": 25,
  "fields": {
    "user": 17,
    "created_at": "2026-04-26T16:25:32.912Z",
    "total": "0.00",
    "status": "PENDING",
    "payment_method": "card",
    "payment_status": "paid"
  }
},
{
  "model": "api.order",
  "pk": 26,
  "fields": {
    "user": 17,
    "created_at": "2026-04-26T16:30:30.741Z",
    "total": "14.00",
    "status": "CANCELLED",
    "payment_method": "cash",
    "payment_status": "pending"
  }
},
{
  "model": "api.order",
  "pk": 27,
  "fields": {
    "user": 3,
    "created_at": "2026-04-30T08:50:49.289Z",
    "total": "5.00",
    "status": "DELIVERED",
    "payment_method": "cash",
    "payment_status": "pending"
  }
},
{
  "model": "api.order",
  "pk": 28,
  "fields": {
    "user": 7,
    "created_at": "2026-04-30T13:01:05.179Z",
    "total": "121.00",
    "status": "PENDING",
    "payment_method": "cash",
    "payment_status": "pending"
  }
},
{
  "model": "api.orderitem",
  "pk": 1,
  "fields": {
    "order": 1,
    "product": 10,
    "quantity": 1,
    "price_at_purchase": "0.00"
  }
},
{
  "model": "api.orderitem",
  "pk": 2,
  "fields": {
    "order": 1,
    "product": 7,
    "quantity": 1,
    "price_at_purchase": "0.00"
  }
},
{
  "model": "api.orderitem",
  "pk": 3,
  "fields": {
    "order": 1,
    "product": 5,
    "quantity": 6,
    "price_at_purchase": "2.00"
  }
},
{
  "model": "api.orderitem",
  "pk": 4,
  "fields": {
    "order": 1,
    "product": 3,
    "quantity": 1,
    "price_at_purchase": "0.00"
  }
},
{
  "model": "api.orderitem",
  "pk": 5,
  "fields": {
    "order": 2,
    "product": 10,
    "quantity": 2,
    "price_at_purchase": "0.00"
  }
},
{
  "model": "api.orderitem",
  "pk": 6,
  "fields": {
    "order": 2,
    "product": 7,
    "quantity": 2,
    "price_at_purchase": "0.00"
  }
},
{
  "model": "api.orderitem",
  "pk": 7,
  "fields": {
    "order": 2,
    "product": 3,
    "quantity": 2,
    "price_at_purchase": "0.00"
  }
},
{
  "model": "api.orderitem",
  "pk": 8,
  "fields": {
    "order": 3,
    "product": 10,
    "quantity": 7,
    "price_at_purchase": "0.00"
  }
},
{
  "model": "api.orderitem",
  "pk": 9,
  "fields": {
    "order": 3,
    "product": 7,
    "quantity": 7,
    "price_at_purchase": "0.00"
  }
},
{
  "model": "api.orderitem",
  "pk": 11,
  "fields": {
    "order": 4,
    "product": 10,
    "quantity": 4,
    "price_at_purchase": "0.00"
  }
},
{
  "model": "api.orderitem",
  "pk": 13,
  "fields": {
    "order": 5,
    "product": 9,
    "quantity": 1,
    "price_at_purchase": "0.00"
  }
},
{
  "model": "api.orderitem",
  "pk": 14,
  "fields": {
    "order": 5,
    "product": 3,
    "quantity": 1,
    "price_at_purchase": "0.00"
  }
},
{
  "model": "api.orderitem",
  "pk": 15,
  "fields": {
    "order": 6,
    "product": 9,
    "quantity": 1,
    "price_at_purchase": "0.00"
  }
},
{
  "model": "api.orderitem",
  "pk": 16,
  "fields": {
    "order": 6,
    "product": 8,
    "quantity": 1,
    "price_at_purchase": "4.00"
  }
},
{
  "model": "api.orderitem",
  "pk": 18,
  "fields": {
    "order": 7,
    "product": 7,
    "quantity": 1,
    "price_at_purchase": "0.00"
  }
},
{
  "model": "api.orderitem",
  "pk": 19,
  "fields": {
    "order": 7,
    "product": 3,
    "quantity": 1,
    "price_at_purchase": "0.00"
  }
},
{
  "model": "api.orderitem",
  "pk": 20,
  "fields": {
    "order": 8,
    "product": 9,
    "quantity": 4,
    "price_at_purchase": "0.00"
  }
},
{
  "model": "api.orderitem",
  "pk": 21,
  "fields": {
    "order": 8,
    "product": 8,
    "quantity": 3,
    "price_at_purchase": "4.00"
  }
},
{
  "model": "api.orderitem",
  "pk": 22,
  "fields": {
    "order": 9,
    "product": 14,
    "quantity": 1,
    "price_at_purchase": "0.00"
  }
},
{
  "model": "api.orderitem",
  "pk": 23,
  "fields": {
    "order": 9,
    "product": 15,
    "quantity": 1,
    "price_at_purchase": "8.00"
  }
},
{
  "model": "api.orderitem",
  "pk": 24,
  "fields": {
    "order": 9,
    "product": 3,
    "quantity": 1,
    "price_at_purchase": "0.00"
  }
},
{
  "model": "api.orderitem",
  "pk": 25,
  "fields": {
    "order": 10,
    "product": 15,
    "quantity": 1,
    "price_at_purchase": "8.00"
  }
},
{
  "model": "api.orderitem",
  "pk": 26,
  "fields": {
    "order": 10,
    "product": 14,
    "quantity": 1,
    "price_at_purchase": "0.00"
  }
},
{
  "model": "api.orderitem",
  "pk": 27,
  "fields": {
    "order": 11,
    "product": 13,
    "quantity": 3,
    "price_at_purchase": "12.00"
  }
},
{
  "model": "api.orderitem",
  "pk": 28,
  "fields": {
    "order": 12,
    "product": 15,
    "quantity": 3,
    "price_at_purchase": "8.00"
  }
},
{
  "model": "api.orderitem",
  "pk": 29,
  "fields": {
    "order": 13,
    "product": 14,
    "quantity": 2,
    "price_at_purchase": "0.00"
  }
},
{
  "model": "api.orderitem",
  "pk": 30,
  "fields": {
    "order": 14,
    "product": 12,
    "quantity": 1,
    "price_at_purchase": "17.50"
  }
},
{
  "model": "api.orderitem",
  "pk": 31,
  "fields": {
    "order": 15,
    "product": 12,
    "quantity": 1,
    "price_at_purchase": "17.50"
  }
},
{
  "model": "api.orderitem",
  "pk": 32,
  "fields": {
    "order": 16,
    "product": 12,
    "quantity": 1,
    "price_at_purchase": "17.50"
  }
},
{
  "model": "api.orderitem",
  "pk": 33,
  "fields": {
    "order": 17,
    "product": 15,
    "quantity": 1,
    "price_at_purchase": "8.00"
  }
},
{
  "model": "api.orderitem",
  "pk": 34,
  "fields": {
    "order": 17,
    "product": 12,
    "quantity": 1,
    "price_at_purchase": "17.50"
  }
},
{
  "model": "api.orderitem",
  "pk": 35,
  "fields": {
    "order": 18,
    "product": 20,
    "quantity": 1,
    "price_at_purchase": "5.00"
  }
},
{
  "model": "api.orderitem",
  "pk": 36,
  "fields": {
    "order": 18,
    "product": 17,
    "quantity": 2,
    "price_at_purchase": "0.00"
  }
},
{
  "model": "api.orderitem",
  "pk": 37,
  "fields": {
    "order": 19,
    "product": 17,
    "quantity": 1,
    "price_at_purchase": "0.00"
  }
},
{
  "model": "api.orderitem",
  "pk": 38,
  "fields": {
    "order": 19,
    "product": 20,
    "quantity": 1,
    "price_at_purchase": "5.00"
  }
},
{
  "model": "api.orderitem",
  "pk": 39,
  "fields": {
    "order": 20,
    "product": 10,
    "quantity": 1,
    "price_at_purchase": "0.00"
  }
},
{
  "model": "api.orderitem",
  "pk": 40,
  "fields": {
    "order": 20,
    "product": 14,
    "quantity": 1,
    "price_at_purchase": "0.00"
  }
},
{
  "model": "api.orderitem",
  "pk": 41,
  "fields": {
    "order": 21,
    "product": 10,
    "quantity": 1,
    "price_at_purchase": "0.00"
  }
},
{
  "model": "api.orderitem",
  "pk": 42,
  "fields": {
    "order": 21,
    "product": 12,
    "quantity": 1,
    "price_at_purchase": "17.50"
  }
},
{
  "model": "api.orderitem",
  "pk": 43,
  "fields": {
    "order": 22,
    "product": 2,
    "quantity": 1,
    "price_at_purchase": "3.00"
  }
},
{
  "model": "api.orderitem",
  "pk": 44,
  "fields": {
    "order": 23,
    "product": 20,
    "quantity": 1,
    "price_at_purchase": "5.00"
  }
},
{
  "model": "api.orderitem",
  "pk": 45,
  "fields": {
    "order": 23,
    "product": 17,
    "quantity": 1,
    "price_at_purchase": "0.00"
  }
},
{
  "model": "api.orderitem",
  "pk": 46,
  "fields": {
    "order": 24,
    "product": 21,
    "quantity": 1,
    "price_at_purchase": "20.00"
  }
},
{
  "model": "api.orderitem",
  "pk": 47,
  "fields": {
    "order": 24,
    "product": 20,
    "quantity": 1,
    "price_at_purchase": "5.00"
  }
},
{
  "model": "api.orderitem",
  "pk": 48,
  "fields": {
    "order": 25,
    "product": 17,
    "quantity": 1,
    "price_at_purchase": "0.00"
  }
},
{
  "model": "api.orderitem",
  "pk": 49,
  "fields": {
    "order": 26,
    "product": 16,
    "quantity": 1,
    "price_at_purchase": "14.00"
  }
},
{
  "model": "api.orderitem",
  "pk": 50,
  "fields": {
    "order": 26,
    "product": 10,
    "quantity": 1,
    "price_at_purchase": "0.00"
  }
},
{
  "model": "api.orderitem",
  "pk": 51,
  "fields": {
    "order": 27,
    "product": 20,
    "quantity": 1,
    "price_at_purchase": "5.00"
  }
},
{
  "model": "api.orderitem",
  "pk": 52,
  "fields": {
    "order": 27,
    "product": 17,
    "quantity": 1,
    "price_at_purchase": "0.00"
  }
},
{
  "model": "api.orderitem",
  "pk": 53,
  "fields": {
    "order": 28,
    "product": 23,
    "quantity": 1,
    "price_at_purchase": "22.00"
  }
},
{
  "model": "api.orderitem",
  "pk": 54,
  "fields": {
    "order": 28,
    "product": 22,
    "quantity": 1,
    "price_at_purchase": "99.00"
  }
},
{
  "model": "api.wishlist",
  "pk": 2,
  "fields": {
    "user": 7,
    "products": [
      8,
      9,
      10,
      12,
      13,
      14,
      15
    ]
  }
},
{
  "model": "api.wishlist",
  "pk": 3,
  "fields": {
    "user": 4,
    "products": [
      2,
      7
    ]
  }
},
{
  "model": "api.wishlist",
  "pk": 5,
  "fields": {
    "user": 10,
    "products": []
  }
},
{
  "model": "api.wishlist",
  "pk": 6,
  "fields": {
    "user": 11,
    "products": []
  }
},
{
  "model": "api.wishlist",
  "pk": 7,
  "fields": {
    "user": 12,
    "products": []
  }
},
{
  "model": "api.wishlist",
  "pk": 8,
  "fields": {
    "user": 13,
    "products": []
  }
},
{
  "model": "api.wishlist",
  "pk": 9,
  "fields": {
    "user": 14,
    "products": []
  }
},
{
  "model": "api.wishlist",
  "pk": 10,
  "fields": {
    "user": 15,
    "products": []
  }
},
{
  "model": "api.wishlist",
  "pk": 11,
  "fields": {
    "user": 16,
    "products": []
  }
},
{
  "model": "api.wishlist",
  "pk": 12,
  "fields": {
    "user": 17,
    "products": [
      16,
      17,
      21
    ]
  }
},
{
  "model": "api.wishlist",
  "pk": 13,
  "fields": {
    "user": 18,
    "products": []
  }
},
{
  "model": "api.wishlist",
  "pk": 14,
  "fields": {
    "user": 3,
    "products": []
  }
},
{
  "model": "api.wishlist",
  "pk": 15,
  "fields": {
    "user": 19,
    "products": []
  }
},
{
  "model": "accounts.userprofile",
  "pk": 1,
  "fields": {
    "user": 4,
    "role": "vendor",
    "avatar": ""
  }
},
{
  "model": "accounts.userprofile",
  "pk": 2,
  "fields": {
    "user": 5,
    "role": "vendor",
    "avatar": ""
  }
},
{
  "model": "accounts.userprofile",
  "pk": 3,
  "fields": {
    "user": 6,
    "role": "vendor",
    "avatar": ""
  }
},
{
  "model": "accounts.userprofile",
  "pk": 4,
  "fields": {
    "user": 7,
    "role": "buyer",
    "avatar": "avatars/WhatsApp_Image_2025-05-21_at_16_hjrRCFZ.01.46_6ed8c4d7.jpg"
  }
},
{
  "model": "accounts.userprofile",
  "pk": 5,
  "fields": {
    "user": 8,
    "role": "buyer",
    "avatar": ""
  }
},
{
  "model": "accounts.userprofile",
  "pk": 7,
  "fields": {
    "user": 10,
    "role": "vendor",
    "avatar": ""
  }
},
{
  "model": "accounts.userprofile",
  "pk": 8,
  "fields": {
    "user": 11,
    "role": "vendor",
    "avatar": ""
  }
},
{
  "model": "accounts.userprofile",
  "pk": 9,
  "fields": {
    "user": 12,
    "role": "buyer",
    "avatar": "avatars/WhatsApp_Image_2026-03-01_at_06.45.24.jpeg"
  }
},
{
  "model": "accounts.userprofile",
  "pk": 10,
  "fields": {
    "user": 13,
    "role": "buyer",
    "avatar": "avatars/food_mania.png"
  }
},
{
  "model": "accounts.userprofile",
  "pk": 11,
  "fields": {
    "user": 14,
    "role": "buyer",
    "avatar": ""
  }
},
{
  "model": "accounts.userprofile",
  "pk": 12,
  "fields": {
    "user": 15,
    "role": "vendor",
    "avatar": ""
  }
},
{
  "model": "accounts.userprofile",
  "pk": 13,
  "fields": {
    "user": 16,
    "role": "vendor",
    "avatar": ""
  }
},
{
  "model": "accounts.userprofile",
  "pk": 14,
  "fields": {
    "user": 17,
    "role": "buyer",
    "avatar": "avatars/man_aJIPUIy.png"
  }
},
{
  "model": "accounts.userprofile",
  "pk": 15,
  "fields": {
    "user": 18,
    "role": "buyer",
    "avatar": ""
  }
},
{
  "model": "accounts.userprofile",
  "pk": 16,
  "fields": {
    "user": 3,
    "role": "",
    "avatar": ""
  }
},
{
  "model": "accounts.userprofile",
  "pk": 17,
  "fields": {
    "user": 19,
    "role": "vendor",
    "avatar": ""
  }
},
{
  "model": "accounts.store",
  "pk": 2,
  "fields": {
    "owner": 4,
    "name": "Food Compay 1",
    "logo": "store_logos/logo-restaurant.jpg",
    "description": "Distributie alimente de mancare pentru puricei si soricei obraznici si pofticiosi, care ziua dorm si noaptea se plimba sub clar de luna",
    "created_at": "2026-02-22T19:37:53.887Z",
    "latitude": "44.453011",
    "longitude": "26.110528"
  }
},
{
  "model": "accounts.store",
  "pk": 3,
  "fields": {
    "owner": 11,
    "name": "Food Mania SRL",
    "logo": "store_logos/food_mania.png",
    "description": "Producator si distribuitor produse alimentare de tip catering",
    "created_at": "2026-02-24T08:47:51.233Z",
    "latitude": "44.412744",
    "longitude": "26.069321"
  }
},
{
  "model": "accounts.store",
  "pk": 4,
  "fields": {
    "owner": 15,
    "name": "Food Store",
    "logo": "",
    "description": "",
    "created_at": "2026-04-26T09:43:39.309Z",
    "latitude": "0.000000",
    "longitude": "0.000000"
  }
},
{
  "model": "accounts.store",
  "pk": 5,
  "fields": {
    "owner": 19,
    "name": "Mama Food",
    "logo": "store_logos/mama_logo_6h1JUdx.jpg",
    "description": "Un mic restaurant cochet, cu atmosferă caldă și prietenoasă, unde preparatele sunt gătite cu ingrediente proaspete și multă grijă. Un loc liniștit, ideal pentru a te bucura de mâncare gustoasă și momente plăcute alături de cei dragi.",
    "created_at": "2026-04-30T09:00:29.620Z",
    "latitude": "44.571859",
    "longitude": "26.085049"
  }
},
{
  "model": "notifications.usernotificationsettings",
  "pk": 1,
  "fields": {
    "user": 7,
    "order_confirmed": true,
    "order_shipped": true,
    "order_delivered": true,
    "wishlist_low_stock": true,
    "wishlist_expiring_hours": 6,
    "wishlist_expiring_soon": true,
    "product_back_in_stock": true,
    "new_order": true,
    "order_cancelled": true,
    "send_mail": true,
    "sms_enabled": false
  }
},
{
  "model": "notifications.usernotificationsettings",
  "pk": 2,
  "fields": {
    "user": 4,
    "order_confirmed": true,
    "order_shipped": true,
    "order_delivered": true,
    "wishlist_low_stock": true,
    "wishlist_expiring_hours": 6,
    "wishlist_expiring_soon": true,
    "product_back_in_stock": true,
    "new_order": true,
    "order_cancelled": true,
    "send_mail": true,
    "sms_enabled": false
  }
},
{
  "model": "notifications.usernotificationsettings",
  "pk": 3,
  "fields": {
    "user": 12,
    "order_confirmed": true,
    "order_shipped": true,
    "order_delivered": true,
    "wishlist_low_stock": false,
    "wishlist_expiring_hours": 6,
    "wishlist_expiring_soon": true,
    "product_back_in_stock": true,
    "new_order": true,
    "order_cancelled": true,
    "send_mail": true,
    "sms_enabled": false
  }
},
{
  "model": "notifications.usernotificationsettings",
  "pk": 4,
  "fields": {
    "user": 13,
    "order_confirmed": true,
    "order_shipped": true,
    "order_delivered": true,
    "wishlist_low_stock": true,
    "wishlist_expiring_hours": 6,
    "wishlist_expiring_soon": true,
    "product_back_in_stock": true,
    "new_order": true,
    "order_cancelled": true,
    "send_mail": true,
    "sms_enabled": false
  }
},
{
  "model": "notifications.usernotificationsettings",
  "pk": 5,
  "fields": {
    "user": 11,
    "order_confirmed": true,
    "order_shipped": true,
    "order_delivered": true,
    "wishlist_low_stock": true,
    "wishlist_expiring_hours": 6,
    "wishlist_expiring_soon": true,
    "product_back_in_stock": true,
    "new_order": true,
    "order_cancelled": true,
    "send_mail": true,
    "sms_enabled": false
  }
},
{
  "model": "notifications.usernotificationsettings",
  "pk": 6,
  "fields": {
    "user": 14,
    "order_confirmed": true,
    "order_shipped": true,
    "order_delivered": true,
    "wishlist_low_stock": true,
    "wishlist_expiring_hours": 6,
    "wishlist_expiring_soon": true,
    "product_back_in_stock": true,
    "new_order": true,
    "order_cancelled": true,
    "send_mail": true,
    "sms_enabled": false
  }
},
{
  "model": "notifications.usernotificationsettings",
  "pk": 7,
  "fields": {
    "user": 16,
    "order_confirmed": true,
    "order_shipped": true,
    "order_delivered": true,
    "wishlist_low_stock": true,
    "wishlist_expiring_hours": 6,
    "wishlist_expiring_soon": true,
    "product_back_in_stock": true,
    "new_order": true,
    "order_cancelled": true,
    "send_mail": true,
    "sms_enabled": false
  }
},
{
  "model": "notifications.usernotificationsettings",
  "pk": 8,
  "fields": {
    "user": 17,
    "order_confirmed": true,
    "order_shipped": true,
    "order_delivered": true,
    "wishlist_low_stock": true,
    "wishlist_expiring_hours": 6,
    "wishlist_expiring_soon": true,
    "product_back_in_stock": true,
    "new_order": true,
    "order_cancelled": true,
    "send_mail": true,
    "sms_enabled": false
  }
},
{
  "model": "notifications.usernotificationsettings",
  "pk": 9,
  "fields": {
    "user": 3,
    "order_confirmed": true,
    "order_shipped": true,
    "order_delivered": true,
    "wishlist_low_stock": true,
    "wishlist_expiring_hours": 6,
    "wishlist_expiring_soon": true,
    "product_back_in_stock": true,
    "new_order": true,
    "order_cancelled": true,
    "send_mail": true,
    "sms_enabled": false
  }
},
{
  "model": "notifications.usernotificationsettings",
  "pk": 10,
  "fields": {
    "user": 19,
    "order_confirmed": true,
    "order_shipped": true,
    "order_delivered": true,
    "wishlist_low_stock": true,
    "wishlist_expiring_hours": 6,
    "wishlist_expiring_soon": true,
    "product_back_in_stock": true,
    "new_order": true,
    "order_cancelled": true,
    "send_mail": true,
    "sms_enabled": false
  }
},
{
  "model": "notifications.notification",
  "pk": 1,
  "fields": {
    "user": 12,
    "type": "ORDER_CONFIRMED",
    "message": "Comanda ta nr. 9 a fost confirmată.",
    "read": true,
    "created_at": "2026-03-03T06:01:43.402Z",
    "related_order": 9,
    "related_product": null
  }
},
{
  "model": "notifications.notification",
  "pk": 2,
  "fields": {
    "user": 7,
    "type": "WISHLIST_EXPIRING",
    "message": "Produsul Supa/Ciorba zilei din wishlist expiră în curând!",
    "read": false,
    "created_at": "2026-03-03T06:01:44.951Z",
    "related_order": null,
    "related_product": 14
  }
},
{
  "model": "notifications.notification",
  "pk": 3,
  "fields": {
    "user": 7,
    "type": "WISHLIST_EXPIRING",
    "message": "Produsul Limonadă 330 ml din wishlist expiră în curând!",
    "read": false,
    "created_at": "2026-03-03T06:01:46.609Z",
    "related_order": null,
    "related_product": 15
  }
},
{
  "model": "notifications.notification",
  "pk": 4,
  "fields": {
    "user": 12,
    "type": "ORDER_CONFIRMED",
    "message": "Comanda ta nr. 10 a fost confirmată.",
    "read": true,
    "created_at": "2026-03-03T06:42:24.738Z",
    "related_order": 10,
    "related_product": null
  }
},
{
  "model": "notifications.notification",
  "pk": 5,
  "fields": {
    "user": 7,
    "type": "WISHLIST_EXPIRING",
    "message": "Produsul Limonadă 330 ml din wishlist expiră în curând!",
    "read": false,
    "created_at": "2026-03-03T06:42:26.436Z",
    "related_order": null,
    "related_product": 15
  }
},
{
  "model": "notifications.notification",
  "pk": 6,
  "fields": {
    "user": 7,
    "type": "WISHLIST_EXPIRING",
    "message": "Produsul Supa/Ciorba zilei din wishlist expiră în curând!",
    "read": false,
    "created_at": "2026-03-03T06:42:27.727Z",
    "related_order": null,
    "related_product": 14
  }
},
{
  "model": "notifications.notification",
  "pk": 7,
  "fields": {
    "user": 7,
    "type": "WISHLIST_EXPIRING",
    "message": "Produsul Briose cu capsuni din wishlist expiră în curând!",
    "read": false,
    "created_at": "2026-03-05T09:32:36.452Z",
    "related_order": null,
    "related_product": 8
  }
},
{
  "model": "notifications.notification",
  "pk": 8,
  "fields": {
    "user": 7,
    "type": "WISHLIST_EXPIRING",
    "message": "Produsul Ciorba cu perisoare din wishlist expiră în curând!",
    "read": false,
    "created_at": "2026-03-05T09:32:44.414Z",
    "related_order": null,
    "related_product": 9
  }
},
{
  "model": "notifications.notification",
  "pk": 9,
  "fields": {
    "user": 7,
    "type": "WISHLIST_EXPIRING",
    "message": "Produsul Surprise Box Mâncare Chinezească din wishlist expiră în curând!",
    "read": false,
    "created_at": "2026-03-05T09:34:20.104Z",
    "related_order": null,
    "related_product": 12
  }
},
{
  "model": "notifications.notification",
  "pk": 10,
  "fields": {
    "user": 7,
    "type": "WISHLIST_EXPIRING",
    "message": "Produsul Desert ca La Mama din wishlist expiră în curând!",
    "read": true,
    "created_at": "2026-03-05T09:34:25.561Z",
    "related_order": null,
    "related_product": 13
  }
},
{
  "model": "notifications.notification",
  "pk": 11,
  "fields": {
    "user": 7,
    "type": "ORDER_DELIVERED",
    "message": "Comanda ta nr. 8 a fost livrată.",
    "read": true,
    "created_at": "2026-03-05T16:41:41.742Z",
    "related_order": 8,
    "related_product": null
  }
},
{
  "model": "notifications.notification",
  "pk": 12,
  "fields": {
    "user": 7,
    "type": "ORDER_DELIVERED",
    "message": "Comanda ta nr. 3 a fost livrată.",
    "read": true,
    "created_at": "2026-03-05T16:42:34.180Z",
    "related_order": 3,
    "related_product": null
  }
},
{
  "model": "notifications.notification",
  "pk": 13,
  "fields": {
    "user": 7,
    "type": "WISHLIST_EXPIRING",
    "message": "Produsul Briose cu capsuni din wishlist expiră în curând!",
    "read": false,
    "created_at": "2026-04-08T19:15:22.989Z",
    "related_order": null,
    "related_product": 8
  }
},
{
  "model": "notifications.notification",
  "pk": 14,
  "fields": {
    "user": 7,
    "type": "WISHLIST_EXPIRING",
    "message": "Produsul Briose cu capsuni din wishlist expiră în curând!",
    "read": false,
    "created_at": "2026-04-08T19:15:24.044Z",
    "related_order": null,
    "related_product": 8
  }
},
{
  "model": "notifications.notification",
  "pk": 15,
  "fields": {
    "user": 7,
    "type": "WISHLIST_EXPIRING",
    "message": "Produsul Faina din wishlist expiră în curând!",
    "read": false,
    "created_at": "2026-04-08T19:15:34.171Z",
    "related_order": null,
    "related_product": 10
  }
},
{
  "model": "notifications.notification",
  "pk": 16,
  "fields": {
    "user": 7,
    "type": "WISHLIST_EXPIRING",
    "message": "Produsul Ciorba cu perisoare din wishlist expiră în curând!",
    "read": false,
    "created_at": "2026-04-08T19:15:39.118Z",
    "related_order": null,
    "related_product": 9
  }
},
{
  "model": "notifications.notification",
  "pk": 17,
  "fields": {
    "user": 7,
    "type": "WISHLIST_EXPIRING",
    "message": "Produsul Ciorba cu perisoare din wishlist expiră în curând!",
    "read": false,
    "created_at": "2026-04-08T19:15:39.832Z",
    "related_order": null,
    "related_product": 9
  }
},
{
  "model": "notifications.notification",
  "pk": 18,
  "fields": {
    "user": 7,
    "type": "WISHLIST_EXPIRING",
    "message": "Produsul Surprise Box Mâncare Chinezească din wishlist expiră în curând!",
    "read": false,
    "created_at": "2026-04-09T03:57:08.711Z",
    "related_order": null,
    "related_product": 12
  }
},
{
  "model": "notifications.notification",
  "pk": 19,
  "fields": {
    "user": 7,
    "type": "WISHLIST_EXPIRING",
    "message": "Produsul Surprise Box Mâncare Chinezească din wishlist expiră în curând!",
    "read": false,
    "created_at": "2026-04-09T03:57:09.693Z",
    "related_order": null,
    "related_product": 12
  }
},
{
  "model": "notifications.notification",
  "pk": 20,
  "fields": {
    "user": 7,
    "type": "WISHLIST_EXPIRING",
    "message": "Produsul Supa/Ciorba zilei din wishlist expiră în curând!",
    "read": false,
    "created_at": "2026-04-09T03:57:22.620Z",
    "related_order": null,
    "related_product": 14
  }
},
{
  "model": "notifications.notification",
  "pk": 21,
  "fields": {
    "user": 7,
    "type": "WISHLIST_EXPIRING",
    "message": "Produsul Limonadă 330 ml din wishlist expiră în curând!",
    "read": false,
    "created_at": "2026-04-09T03:57:28.666Z",
    "related_order": null,
    "related_product": 15
  }
},
{
  "model": "notifications.notification",
  "pk": 22,
  "fields": {
    "user": 7,
    "type": "WISHLIST_EXPIRING",
    "message": "Produsul Desert ca La Mama din wishlist expiră în curând!",
    "read": false,
    "created_at": "2026-04-11T07:33:18.420Z",
    "related_order": null,
    "related_product": 13
  }
},
{
  "model": "notifications.notification",
  "pk": 23,
  "fields": {
    "user": 14,
    "type": "ORDER_CONFIRMED",
    "message": "Comanda ta nr. 12 a fost confirmată.",
    "read": false,
    "created_at": "2026-04-11T07:36:31.716Z",
    "related_order": 12,
    "related_product": null
  }
},
{
  "model": "notifications.notification",
  "pk": 24,
  "fields": {
    "user": 7,
    "type": "WISHLIST_EXPIRING",
    "message": "Produsul Limonadă 330 ml din wishlist expiră în curând!",
    "read": false,
    "created_at": "2026-04-11T07:36:33.038Z",
    "related_order": null,
    "related_product": 15
  }
},
{
  "model": "notifications.notification",
  "pk": 25,
  "fields": {
    "user": 14,
    "type": "ORDER_DELIVERED",
    "message": "Comanda ta nr. 12 a fost livrată.",
    "read": false,
    "created_at": "2026-04-11T07:37:23.119Z",
    "related_order": 12,
    "related_product": null
  }
},
{
  "model": "notifications.notification",
  "pk": 26,
  "fields": {
    "user": 14,
    "type": "ORDER_CONFIRMED",
    "message": "Comanda ta nr. 13 a fost confirmată.",
    "read": false,
    "created_at": "2026-04-11T07:55:10.014Z",
    "related_order": 13,
    "related_product": null
  }
},
{
  "model": "notifications.notification",
  "pk": 27,
  "fields": {
    "user": 7,
    "type": "WISHLIST_EXPIRING",
    "message": "Produsul Supa/Ciorba zilei din wishlist expiră în curând!",
    "read": false,
    "created_at": "2026-04-11T07:55:11.245Z",
    "related_order": null,
    "related_product": 14
  }
},
{
  "model": "notifications.notification",
  "pk": 28,
  "fields": {
    "user": 14,
    "type": "ORDER_DELIVERED",
    "message": "Comanda ta nr. 13 a fost livrată.",
    "read": false,
    "created_at": "2026-04-11T07:55:33.370Z",
    "related_order": 13,
    "related_product": null
  }
},
{
  "model": "notifications.notification",
  "pk": 29,
  "fields": {
    "user": 14,
    "type": "ORDER_CONFIRMED",
    "message": "Comanda ta nr. 14 a fost confirmată.",
    "read": false,
    "created_at": "2026-04-11T08:01:27.093Z",
    "related_order": 14,
    "related_product": null
  }
},
{
  "model": "notifications.notification",
  "pk": 30,
  "fields": {
    "user": 7,
    "type": "WISHLIST_EXPIRING",
    "message": "Produsul Surprise Box Mâncare Chinezească din wishlist expiră în curând!",
    "read": false,
    "created_at": "2026-04-11T08:01:28.435Z",
    "related_order": null,
    "related_product": 12
  }
},
{
  "model": "notifications.notification",
  "pk": 31,
  "fields": {
    "user": 14,
    "type": "ORDER_DELIVERED",
    "message": "Comanda ta nr. 14 a fost livrată.",
    "read": false,
    "created_at": "2026-04-11T08:01:51.529Z",
    "related_order": 14,
    "related_product": null
  }
},
{
  "model": "notifications.notification",
  "pk": 32,
  "fields": {
    "user": 14,
    "type": "ORDER_CONFIRMED",
    "message": "Comanda ta nr. 15 a fost confirmată.",
    "read": false,
    "created_at": "2026-04-11T08:19:00.248Z",
    "related_order": 15,
    "related_product": null
  }
},
{
  "model": "notifications.notification",
  "pk": 33,
  "fields": {
    "user": 7,
    "type": "WISHLIST_EXPIRING",
    "message": "Produsul Surprise Box Mâncare Chinezească din wishlist expiră în curând!",
    "read": false,
    "created_at": "2026-04-11T08:19:01.598Z",
    "related_order": null,
    "related_product": 12
  }
},
{
  "model": "notifications.notification",
  "pk": 34,
  "fields": {
    "user": 14,
    "type": "ORDER_DELIVERED",
    "message": "Comanda ta nr. 15 a fost livrată.",
    "read": false,
    "created_at": "2026-04-11T08:19:25.462Z",
    "related_order": 15,
    "related_product": null
  }
},
{
  "model": "notifications.notification",
  "pk": 35,
  "fields": {
    "user": 14,
    "type": "ORDER_CONFIRMED",
    "message": "Comanda ta nr. 16 a fost confirmată.",
    "read": false,
    "created_at": "2026-04-11T08:26:48.069Z",
    "related_order": 16,
    "related_product": null
  }
},
{
  "model": "notifications.notification",
  "pk": 36,
  "fields": {
    "user": 7,
    "type": "WISHLIST_EXPIRING",
    "message": "Produsul Surprise Box Mâncare Chinezească din wishlist expiră în curând!",
    "read": true,
    "created_at": "2026-04-11T08:26:52.096Z",
    "related_order": null,
    "related_product": 12
  }
},
{
  "model": "notifications.notification",
  "pk": 37,
  "fields": {
    "user": 14,
    "type": "ORDER_DELIVERED",
    "message": "Comanda ta nr. 16 a fost livrată.",
    "read": false,
    "created_at": "2026-04-11T08:31:59.346Z",
    "related_order": 16,
    "related_product": null
  }
},
{
  "model": "notifications.notification",
  "pk": 38,
  "fields": {
    "user": 7,
    "type": "ORDER_CONFIRMED",
    "message": "Comanda ta nr. 17 a fost confirmată.",
    "read": true,
    "created_at": "2026-04-11T10:56:04.699Z",
    "related_order": 17,
    "related_product": null
  }
},
{
  "model": "notifications.notification",
  "pk": 39,
  "fields": {
    "user": 7,
    "type": "WISHLIST_EXPIRING",
    "message": "Produsul Limonadă 330 ml din wishlist expiră în curând!",
    "read": true,
    "created_at": "2026-04-11T10:56:06.872Z",
    "related_order": null,
    "related_product": 15
  }
},
{
  "model": "notifications.notification",
  "pk": 40,
  "fields": {
    "user": 7,
    "type": "WISHLIST_EXPIRING",
    "message": "Produsul Surprise Box Mâncare Chinezească din wishlist expiră în curând!",
    "read": false,
    "created_at": "2026-04-11T10:56:08.387Z",
    "related_order": null,
    "related_product": 12
  }
},
{
  "model": "notifications.notification",
  "pk": 41,
  "fields": {
    "user": 7,
    "type": "WISHLIST_EXPIRING",
    "message": "Produsul Desert ca La Mama din wishlist expiră în curând!",
    "read": false,
    "created_at": "2026-04-14T19:04:42.012Z",
    "related_order": null,
    "related_product": 13
  }
},
{
  "model": "notifications.notification",
  "pk": 42,
  "fields": {
    "user": 7,
    "type": "WISHLIST_EXPIRING",
    "message": "Produsul Desert ca La Mama din wishlist expiră în curând!",
    "read": false,
    "created_at": "2026-04-14T19:04:43.403Z",
    "related_order": null,
    "related_product": 13
  }
},
{
  "model": "notifications.notification",
  "pk": 43,
  "fields": {
    "user": 7,
    "type": "ORDER_CONFIRMED",
    "message": "Comanda ta nr. 18 a fost confirmată.",
    "read": false,
    "created_at": "2026-04-26T11:49:58.718Z",
    "related_order": 18,
    "related_product": null
  }
},
{
  "model": "notifications.notification",
  "pk": 44,
  "fields": {
    "user": 7,
    "type": "ORDER_CONFIRMED",
    "message": "Comanda ta nr. 19 a fost confirmată.",
    "read": false,
    "created_at": "2026-04-26T13:11:49.942Z",
    "related_order": 19,
    "related_product": null
  }
},
{
  "model": "notifications.notification",
  "pk": 45,
  "fields": {
    "user": 7,
    "type": "ORDER_CONFIRMED",
    "message": "Comanda ta nr. 20 a fost confirmată.",
    "read": false,
    "created_at": "2026-04-26T13:12:48.586Z",
    "related_order": 20,
    "related_product": null
  }
},
{
  "model": "notifications.notification",
  "pk": 46,
  "fields": {
    "user": 7,
    "type": "WISHLIST_EXPIRING",
    "message": "Produsul Faina din wishlist expiră în curând!",
    "read": false,
    "created_at": "2026-04-26T13:12:50.188Z",
    "related_order": null,
    "related_product": 10
  }
},
{
  "model": "notifications.notification",
  "pk": 47,
  "fields": {
    "user": 7,
    "type": "WISHLIST_EXPIRING",
    "message": "Produsul Supa/Ciorba zilei din wishlist expiră în curând!",
    "read": false,
    "created_at": "2026-04-26T13:12:51.655Z",
    "related_order": null,
    "related_product": 14
  }
},
{
  "model": "notifications.notification",
  "pk": 48,
  "fields": {
    "user": 7,
    "type": "ORDER_CONFIRMED",
    "message": "Comanda ta nr. 21 a fost confirmată.",
    "read": false,
    "created_at": "2026-04-26T13:56:12.464Z",
    "related_order": 21,
    "related_product": null
  }
},
{
  "model": "notifications.notification",
  "pk": 49,
  "fields": {
    "user": 7,
    "type": "WISHLIST_EXPIRING",
    "message": "Produsul Faina din wishlist expiră în curând!",
    "read": false,
    "created_at": "2026-04-26T13:56:14.488Z",
    "related_order": null,
    "related_product": 10
  }
},
{
  "model": "notifications.notification",
  "pk": 50,
  "fields": {
    "user": 7,
    "type": "WISHLIST_EXPIRING",
    "message": "Produsul Surprise Box Mâncare Chinezească din wishlist expiră în curând!",
    "read": false,
    "created_at": "2026-04-26T13:56:16.099Z",
    "related_order": null,
    "related_product": 12
  }
},
{
  "model": "notifications.notification",
  "pk": 51,
  "fields": {
    "user": 4,
    "type": "ORDER_CONFIRMED",
    "message": "Comanda ta nr. 22 a fost înregistrată.",
    "read": false,
    "created_at": "2026-04-26T15:40:21.061Z",
    "related_order": 22,
    "related_product": null
  }
},
{
  "model": "notifications.notification",
  "pk": 52,
  "fields": {
    "user": 4,
    "type": "WISHLIST_EXPIRING",
    "message": "Produsul \"Cozonac\" din wishlist expiră în curând!",
    "read": false,
    "created_at": "2026-04-26T15:40:23.370Z",
    "related_order": null,
    "related_product": 2
  }
},
{
  "model": "notifications.notification",
  "pk": 53,
  "fields": {
    "user": 17,
    "type": "ORDER_DELIVERED",
    "message": "Comanda ta nr. 23 a fost livrată.",
    "read": false,
    "created_at": "2026-04-26T15:49:37.311Z",
    "related_order": 23,
    "related_product": null
  }
},
{
  "model": "notifications.notification",
  "pk": 54,
  "fields": {
    "user": 17,
    "type": "ORDER_CONFIRMED",
    "message": "Comanda ta nr. 24 a fost înregistrată.",
    "read": false,
    "created_at": "2026-04-26T16:13:22.434Z",
    "related_order": 24,
    "related_product": null
  }
},
{
  "model": "notifications.notification",
  "pk": 55,
  "fields": {
    "user": 17,
    "type": "ORDER_CONFIRMED",
    "message": "Comanda ta nr. 25 a fost înregistrată.",
    "read": true,
    "created_at": "2026-04-26T16:25:32.917Z",
    "related_order": 25,
    "related_product": null
  }
},
{
  "model": "notifications.notification",
  "pk": 56,
  "fields": {
    "user": 17,
    "type": "ORDER_CONFIRMED",
    "message": "Comanda ta nr. 26 a fost înregistrată.",
    "read": true,
    "created_at": "2026-04-26T16:30:30.746Z",
    "related_order": 26,
    "related_product": null
  }
},
{
  "model": "notifications.notification",
  "pk": 57,
  "fields": {
    "user": 7,
    "type": "WISHLIST_EXPIRING",
    "message": "Produsul \"Faina\" din wishlist expiră în curând!",
    "read": false,
    "created_at": "2026-04-26T16:30:34.014Z",
    "related_order": null,
    "related_product": 10
  }
},
{
  "model": "notifications.notification",
  "pk": 58,
  "fields": {
    "user": 7,
    "type": "WISHLIST_EXPIRING",
    "message": "Produsul \"Briose cu capsuni\" din wishlist expiră în curând!",
    "read": false,
    "created_at": "2026-04-27T04:05:37.999Z",
    "related_order": null,
    "related_product": 8
  }
},
{
  "model": "notifications.notification",
  "pk": 59,
  "fields": {
    "user": 7,
    "type": "WISHLIST_EXPIRING",
    "message": "Produsul \"Briose cu capsuni\" din wishlist expiră în curând!",
    "read": false,
    "created_at": "2026-04-27T04:05:50.120Z",
    "related_order": null,
    "related_product": 8
  }
},
{
  "model": "notifications.notification",
  "pk": 60,
  "fields": {
    "user": 7,
    "type": "WISHLIST_EXPIRING",
    "message": "Produsul \"Briose cu capsuni\" din wishlist expiră în curând!",
    "read": false,
    "created_at": "2026-04-27T04:05:52.226Z",
    "related_order": null,
    "related_product": 8
  }
},
{
  "model": "notifications.notification",
  "pk": 61,
  "fields": {
    "user": 7,
    "type": "WISHLIST_EXPIRING",
    "message": "Produsul \"Briose cu capsuni\" din wishlist expiră în curând!",
    "read": false,
    "created_at": "2026-04-27T04:06:08.094Z",
    "related_order": null,
    "related_product": 8
  }
},
{
  "model": "notifications.notification",
  "pk": 62,
  "fields": {
    "user": 7,
    "type": "WISHLIST_EXPIRING",
    "message": "Produsul \"Briose cu capsuni\" din wishlist expiră în curând!",
    "read": false,
    "created_at": "2026-04-27T04:06:09.512Z",
    "related_order": null,
    "related_product": 8
  }
},
{
  "model": "notifications.notification",
  "pk": 63,
  "fields": {
    "user": 7,
    "type": "WISHLIST_EXPIRING",
    "message": "Produsul \"Briose cu capsuni\" din wishlist expiră în curând!",
    "read": false,
    "created_at": "2026-04-27T04:19:03.544Z",
    "related_order": null,
    "related_product": 8
  }
},
{
  "model": "notifications.notification",
  "pk": 64,
  "fields": {
    "user": 7,
    "type": "WISHLIST_EXPIRING",
    "message": "Produsul \"Briose cu capsuni\" din wishlist expiră în curând!",
    "read": false,
    "created_at": "2026-04-27T04:19:05.678Z",
    "related_order": null,
    "related_product": 8
  }
},
{
  "model": "notifications.notification",
  "pk": 65,
  "fields": {
    "user": 7,
    "type": "WISHLIST_EXPIRING",
    "message": "Produsul \"Briose cu capsuni\" din wishlist expiră în curând!",
    "read": true,
    "created_at": "2026-04-27T04:19:06.326Z",
    "related_order": null,
    "related_product": 8
  }
},
{
  "model": "notifications.notification",
  "pk": 66,
  "fields": {
    "user": 17,
    "type": "WISHLIST_EXPIRING",
    "message": "Produsul \"Mix patiserie dulce/sărat\" din wishlist expiră în curând!",
    "read": false,
    "created_at": "2026-04-27T04:19:20.750Z",
    "related_order": null,
    "related_product": 21
  }
},
{
  "model": "notifications.notification",
  "pk": 67,
  "fields": {
    "user": 7,
    "type": "WISHLIST_EXPIRING",
    "message": "Produsul \"Briose cu capsuni\" din wishlist expiră în curând!",
    "read": false,
    "created_at": "2026-04-27T04:19:37.768Z",
    "related_order": null,
    "related_product": 8
  }
},
{
  "model": "notifications.notification",
  "pk": 68,
  "fields": {
    "user": 17,
    "type": "WISHLIST_EXPIRING",
    "message": "Produsul \"Mix patiserie dulce/sărat\" din wishlist expiră în curând!",
    "read": false,
    "created_at": "2026-04-27T04:19:52.886Z",
    "related_order": null,
    "related_product": 21
  }
},
{
  "model": "notifications.notification",
  "pk": 69,
  "fields": {
    "user": 4,
    "type": "WISHLIST_EXPIRING",
    "message": "Produsul \"Franzela aburinda\" din wishlist expiră în curând!",
    "read": true,
    "created_at": "2026-04-27T04:43:39.261Z",
    "related_order": null,
    "related_product": 7
  }
},
{
  "model": "notifications.notification",
  "pk": 70,
  "fields": {
    "user": 7,
    "type": "WISHLIST_EXPIRING",
    "message": "Produsul \"Faina integrala\" din wishlist expiră în curând!",
    "read": true,
    "created_at": "2026-04-27T04:44:14.271Z",
    "related_order": null,
    "related_product": 10
  }
},
{
  "model": "notifications.notification",
  "pk": 71,
  "fields": {
    "user": 7,
    "type": "WISHLIST_EXPIRING",
    "message": "Produsul \"Faina integrala\" din wishlist expiră în curând!",
    "read": true,
    "created_at": "2026-04-27T04:44:33.362Z",
    "related_order": null,
    "related_product": 10
  }
},
{
  "model": "notifications.notification",
  "pk": 72,
  "fields": {
    "user": 7,
    "type": "WISHLIST_EXPIRING",
    "message": "Produsul \"Faina integrala\" din wishlist expiră în curând!",
    "read": false,
    "created_at": "2026-04-27T07:17:37.042Z",
    "related_order": null,
    "related_product": 10
  }
},
{
  "model": "notifications.notification",
  "pk": 73,
  "fields": {
    "user": 4,
    "type": "WISHLIST_EXPIRING",
    "message": "Produsul \"Franzela aburinda\" din wishlist expiră în curând!",
    "read": false,
    "created_at": "2026-04-27T07:17:58.369Z",
    "related_order": null,
    "related_product": 7
  }
},
{
  "model": "notifications.notification",
  "pk": 74,
  "fields": {
    "user": 7,
    "type": "WISHLIST_EXPIRING",
    "message": "Produsul \"Faina integrala\" din wishlist expiră în curând!",
    "read": false,
    "created_at": "2026-04-27T07:22:02.180Z",
    "related_order": null,
    "related_product": 10
  }
},
{
  "model": "notifications.notification",
  "pk": 75,
  "fields": {
    "user": 7,
    "type": "WISHLIST_EXPIRING",
    "message": "Produsul \"Faina integrala\" din wishlist expiră în curând!",
    "read": false,
    "created_at": "2026-04-27T07:23:40.068Z",
    "related_order": null,
    "related_product": 10
  }
},
{
  "model": "notifications.notification",
  "pk": 76,
  "fields": {
    "user": 3,
    "type": "ORDER_CONFIRMED",
    "message": "Comanda ta nr. 27 a fost înregistrată.",
    "read": false,
    "created_at": "2026-04-30T08:50:49.445Z",
    "related_order": 27,
    "related_product": null
  }
},
{
  "model": "notifications.notification",
  "pk": 77,
  "fields": {
    "user": 17,
    "type": "WISHLIST_EXPIRING",
    "message": "Produsul \"Naughty Waffle\" din wishlist expiră în curând!",
    "read": false,
    "created_at": "2026-04-30T08:50:54.400Z",
    "related_order": null,
    "related_product": 17
  }
},
{
  "model": "notifications.notification",
  "pk": 78,
  "fields": {
    "user": 3,
    "type": "ORDER_DELIVERED",
    "message": "Comanda ta nr. 27 a fost livrată.",
    "read": false,
    "created_at": "2026-04-30T08:55:41.011Z",
    "related_order": 27,
    "related_product": null
  }
},
{
  "model": "notifications.notification",
  "pk": 79,
  "fields": {
    "user": 7,
    "type": "ORDER_CONFIRMED",
    "message": "Comanda ta nr. 28 a fost înregistrată.",
    "read": false,
    "created_at": "2026-04-30T13:01:05.287Z",
    "related_order": 28,
    "related_product": null
  }
},
{
  "model": "notifications.notification",
  "pk": 80,
  "fields": {
    "user": 7,
    "type": "WISHLIST_EXPIRING",
    "message": "Produsul \"Faina integrala\" din wishlist expiră în curând!",
    "read": false,
    "created_at": "2026-04-30T13:02:34.851Z",
    "related_order": null,
    "related_product": 10
  }
},
{
  "model": "notifications.notification",
  "pk": 81,
  "fields": {
    "user": 7,
    "type": "WISHLIST_EXPIRING",
    "message": "Produsul \"Faina integrala\" din wishlist expiră în curând!",
    "read": false,
    "created_at": "2026-04-30T13:02:46.199Z",
    "related_order": null,
    "related_product": 10
  }
},
{
  "model": "notifications.notification",
  "pk": 82,
  "fields": {
    "user": 17,
    "type": "ORDER_DELIVERED",
    "message": "Comanda ta nr. 24 a fost livrată.",
    "read": false,
    "created_at": "2026-04-30T13:03:23.467Z",
    "related_order": 24,
    "related_product": null
  }
}
]
